{"_step":11,"eval/runtime":1.8389,"_runtime":233.710843393,"train/grad_norm":0.06273642668994873,"eval/steps_per_second":1.088,"train/learning_rate":5.2346828817197655e-06,"train_runtime":173.2514,"train/epoch":3,"eval/mean_token_accuracy":0.9338482618331909,"eval/samples_per_second":5.438,"train/mean_token_accuracy":0.9304120898246765,"train_loss":0.6224446983048411,"train/global_step":33,"train_samples_per_second":1.506,"train/loss":0.3522,"_wandb":{"runtime":245},"eval/loss":0.3308321535587311,"train_steps_per_second":0.19,"_timestamp":1.7399871958626034e+09,"total_flos":1.0525669909856256e+16}