{"_timestamp":1.739985293411163e+09,"train/grad_norm":0.06257291850109495,"train_runtime":172.6713,"train_steps_per_second":0.191,"eval/loss":0.33052968978881836,"eval/runtime":1.7467,"eval/samples_per_second":5.725,"train/mean_token_accuracy":0.93058642745018,"train/learning_rate":5.2346828817197655e-06,"train/loss":0.352,"_wandb":{"runtime":198},"total_flos":1.0525669909856256e+16,"eval/steps_per_second":1.145,"train_loss":0.6223219073179996,"_step":10,"_runtime":171.894644052,"train/global_step":33,"eval/mean_token_accuracy":0.9366730451583862,"train_samples_per_second":1.512,"train/epoch":3}