{"eval/mean_token_accuracy":0.9338173866271973,"train_steps_per_second":19.031,"train/epoch":3,"_runtime":25.645543163,"_step":1,"total_flos":1.0525669909856256e+16,"train/global_step":33,"train_runtime":1.734,"train_loss":0,"_timestamp":1.7399859806194787e+09,"_wandb":{"runtime":36},"eval/loss":0.33052968978881836,"eval/runtime":5.1142,"eval/samples_per_second":1.955,"train_samples_per_second":150.518,"eval/steps_per_second":0.391}