{
    "actionability": {
        "ACL_2017": 4.313725490196078,
        "ARR_2022": 4.444444444444445,
        "EMNLP_2023": 3.4761904761904763,
        "ICLR_2021": 4.073529411764706,
        "ICLR_2022": 3.5844155844155843,
        "ICLR_2023": 3.831168831168831,
        "ICLR_2024": 3.8241758241758244,
        "ICLR_2025": 3.621359223300971,
        "NIPS_2016": 4.364705882352941,
        "NIPS_2017": 4.076923076923077,
        "NIPS_2018": 4.160493827160494,
        "NIPS_2019": 4.194444444444445,
        "NIPS_2020": 3.872549019607843,
        "NIPS_2021": 4.2875,
        "NIPS_2022": 3.4545454545454546
    },
    "grounding_specificity": {
        "ACL_2017": 4.729166666666667,
        "ARR_2022": 4.585365853658536,
        "EMNLP_2023": 4.25,
        "ICLR_2021": 4.4714285714285715,
        "ICLR_2022": 4.025974025974026,
        "ICLR_2023": 4.309523809523809,
        "ICLR_2024": 4.433962264150943,
        "ICLR_2025": 4.372549019607843,
        "NIPS_2016": 4.464285714285714,
        "NIPS_2017": 4.414634146341464,
        "NIPS_2018": 4.345238095238095,
        "NIPS_2019": 4.594594594594595,
        "NIPS_2020": 4.24,
        "NIPS_2021": 4.358974358974359,
        "NIPS_2022": 3.8421052631578947
    },
    "verifiability": {
        "ACL_2017": 4.1,
        "ARR_2022": 4.461538461538462,
        "EMNLP_2023": 3.7777777777777777,
        "ICLR_2021": 4.081081081081081,
        "ICLR_2022": 3.4782608695652173,
        "ICLR_2023": 3.872340425531915,
        "ICLR_2024": 4.2,
        "ICLR_2025": 4.090909090909091,
        "NIPS_2016": 4.155555555555556,
        "NIPS_2017": 4.324324324324325,
        "NIPS_2018": 3.6956521739130435,
        "NIPS_2019": 4.54054054054054,
        "NIPS_2020": 3.9655172413793105,
        "NIPS_2021": 4.296296296296297,
        "NIPS_2022": 3.3333333333333335
    },
    "helpfulness": {
        "ACL_2017": 4.18,
        "ARR_2022": 4.213333333333333,
        "EMNLP_2023": 3.6206896551724137,
        "ICLR_2021": 4.1525423728813555,
        "ICLR_2022": 3.6666666666666665,
        "ICLR_2023": 3.7,
        "ICLR_2024": 4.023529411764706,
        "ICLR_2025": 3.8617021276595747,
        "NIPS_2016": 4.12987012987013,
        "NIPS_2017": 4.013513513513513,
        "NIPS_2018": 3.9615384615384617,
        "NIPS_2019": 4.151515151515151,
        "NIPS_2020": 3.8095238095238093,
        "NIPS_2021": 4.279411764705882,
        "NIPS_2022": 3.449275362318841
    }
}