{"train/global_step":1,"_wandb":{"runtime":24},"train/learning_rate":2e-05,"_step":0,"train/epoch":0.6666666666666666,"_runtime":21.546095782,"_timestamp":1.73996864219243e+09,"train/loss":1.1246,"train/mean_token_accuracy":0.7760128676891327,"train/grad_norm":1.8312496517587282}